frequency,amplitude,Transformer_ID,Condition
19.952623149688797,17.139031632757195,T1,Healthy
21.141004961542972,16.33827856034802,T1,Healthy
22.40016700716144,16.24615420492214,T1,Healthy
23.73432496995651,16.196876167835732,T1,Healthy
25.147945620200318,14.829478109943388,T1,Healthy
26.645761769803183,14.338813478237046,T1,Healthy
28.232788117801306,14.752941651615007,T1,Healthy
29.914338039604495,13.85262573224843,T1,Healthy
31.69604137621455,12.73785903097345,T1,Healthy
33.583863282972615,12.745674920359917,T1,Healthy
35.58412420094141,11.742592823614876,T1,Healthy
37.70352101778643,11.239450134279732,T1,Healthy
39.94914948900315,11.08941572549706,T1,Healthy
42.32852799455645,9.506021147119569,T1,Healthy
44.849622710469816,9.092538192410347,T1,Healthy
47.52087427963884,9.164301594766966,T1,Healthy
50.35122607116317,8.427594905027888,T1,Healthy
53.35015412280942,8.577821724733845,T1,Healthy
56.52769886685239,7.451502918902631,T1,Healthy
59.894498745513204,6.682317307663374,T1,Healthy
63.46182582853895,7.602394222208411,T1,Healthy
67.24162355217156,6.235939189039732,T1,Healthy
71.24654670585686,5.860017273182786,T1,Healthy
75.49000380056873,4.589485903477363,T1,Healthy
79.9862019605985,4.503470266698054,T1,Healthy
84.75019448910734,4.303134314818805,T1,Healthy
89.79793126669139,3.1424134629928973,T1,Healthy
95.14631215169457,3.3742395354271206,T1,Healthy
100.8132435610535,2.3528128098320824,T1,Healthy
106.8176984211078,1.9723076711405052,T1,Healthy
113.1797796890913,1.2806248878906419,T1,Healthy
119.92078765797466,1.96926375732005,T1,Healthy
127.06329126999654,0.49636797195978277,T1,Healthy
134.63120367764145,-0.5673778431132674,T1,Healthy
142.649862305043,-0.1704950686879943,T1,Healthy
151.14611367785858,-1.73701496595698,T1,Healthy
160.14840330562677,-1.5685407191221292,T1,Healthy
169.68687091753384,-3.2007130220997704,T1,Healthy
179.7934513704398,-3.434373841136321,T1,Healthy
190.50198156700455,-3.222720868118237,T1,Healthy
201.8483137418764,-3.5042261515285067,T1,Healthy
213.870435495227,-4.341489108474663,T1,Healthy
226.60859697550455,-5.040084728375761,T1,Healthy
240.1054456372146,-5.68924011509499,T1,Healthy
254.406169024899,-6.835683249938012,T1,Healthy
269.5586460613534,-7.015349794444617,T1,Healthy
285.61360734659905,-7.445988297343551,T1,Healthy
302.62480500428904,-7.248548364471177,T1,Healthy
320.6491926441981,-8.167903043488387,T1,Healthy
339.74711604330935,-9.78495918887514,T1,Healthy
359.9825151839018,-9.306209619226173,T1,Healthy
381.4231383250621,-10.226651478968538,T1,Healthy
404.1407688243337,-10.939436327700582,T1,Healthy
428.2114654689045,-10.862967802496339,T1,Healthy
453.7158171209631,-11.222061202683646,T1,Healthy
480.73921252977766,-11.841558502558845,T1,Healthy
509.37212621383117,-13.297285129467154,T1,Healthy
539.7104213701473,-13.603557665064223,T1,Healthy
571.855670824951,-13.855348766944836,T1,Healthy
605.9154971002063,-14.105946937592451,T1,Healthy
642.0039327345803,-15.40671132015046,T1,Healthy
680.2418020651864,-15.833979319548442,T1,Healthy
720.7571257483174,-16.86891873449948,T1,Healthy
763.6855493735064,-17.48898625501149,T1,Healthy
809.1707976059171,-17.06023616460086,T1,Healthy
857.3651553775369,-17.36443348404101,T1,Healthy
908.4299777382041,-18.655004847019736,T1,Healthy
962.5362300734521,-18.694024818863912,T1,Healthy
1019.8650604978276,-19.592063040937873,T1,Healthy
1080.6084063400547,-20.67278194257301,T1,Healthy
1144.9696367505674,-20.74706926397755,T1,Healthy
1213.1642335828576,-20.736450409336868,T1,Healthy
1285.4205128282442,-22.101192498192628,T1,Healthy
1361.9803890194196,-21.87883006397214,T1,Healthy
1443.100185162013,-24.548910912380173,T1,Healthy
1529.0514909058234,-23.405940050986942,T1,Healthy
1620.12207182888,-24.351139626609754,T1,Healthy
1716.6168328786307,-25.121810099749254,T1,Healthy
1818.8588391958554,-25.503893278964007,T1,Healthy
1927.1903977390368,-27.120802029986148,T1,Healthy
2041.974203330476,-26.813826909592212,T1,Healthy
2163.5945529611035,-27.102090555999194,T1,Healthy
2292.458632419543,-27.117991374556887,T1,Healthy
2428.997879552966,-28.6919541663077,T1,Healthy
2573.6694287240925,-29.412489309294294,T1,Healthy
2726.957641300216,-29.834041244733175,T1,Healthy
2889.3757272985245,-29.699832935256822,T1,Healthy
3061.4674636168133,-30.56693540470453,T1,Healthy
3243.809014602422,-31.56932873445366,T1,Healthy
3437.0108610544858,-31.62026871357037,T1,Healthy
3641.7198441180076,-32.40008942614897,T1,Healthy
3858.6213309125237,-32.535259757586516,T1,Healthy
4088.441509146111,-33.94074792850886,T1,Healthy
4331.949818396894,-34.32283397005844,T1,Healthy
4589.961526202254,-34.92343872615265,T1,Healthy
4863.340457580215,-36.02658253327029,T1,Healthy
5153.001887121781,-35.71322300046938,T1,Healthy
5459.915603336642,-36.29619088638741,T1,Healthy
5785.10915551203,-36.98853476039997,T1,Healthy
6129.671293954898,-37.67165655417635,T1,Healthy
6494.755615135714,-38.82418003487767,T1,Healthy
6881.584423937493,-38.88777154379605,T1,Healthy
7291.452825941266,-39.40854600932281,T1,Healthy
7725.7330634486,-40.19681677886461,T1,Healthy
8185.879109758613,-40.43352458167286,T1,Healthy
8673.431537080716,-40.70673954294019,T1,Healthy
9190.022674381382,-40.52020123918186,T1,Healthy
9737.382072432882,-41.9291476385019,T1,Healthy
10317.342294361637,-42.43938488061407,T1,Healthy
10931.845051082335,-43.155656675731436,T1,Healthy
11582.947702159929,-44.626612928337295,T1,Healthy
12272.830143863812,-44.227768606664796,T1,Healthy
13003.802107476082,-44.73014339481972,T1,Healthy
13778.310892287982,-44.072819464759164,T1,Healthy
14598.949559175398,-45.9432119105374,T1,Healthy
15468.46561218474,-46.23723225004339,T1,Healthy
16389.770197196118,-46.94469560541341,T1,Healthy
17365.947848460026,-48.049348601088056,T1,Healthy
18400.266815640054,-47.42958190556885,T1,Healthy
19496.19000593552,-48.15930326671904,T1,Healthy
20657.386577919526,-48.67230296805444,T1,Healthy
21887.74422590741,-50.05331555474338,T1,Healthy
23191.382195985083,-49.42626342624271,T1,Healthy
24572.665077273636,-51.35584399103712,T1,Healthy
26036.21741460489,-50.88695129341049,T1,Healthy
27586.939191529716,-50.6088024240526,T1,Healthy
29230.022235497945,-52.72112446859415,T1,Healthy
30970.96760013287,-53.02899472040482,T1,Healthy
32815.60398279805,-53.21416217054551,T1,Healthy
34770.10723911671,-54.03201025924542,T1,Healthy
36841.021059780476,-55.070022614652714,T1,Healthy
39035.27887887138,-54.772954250714875,T1,Healthy
41360.22708704874,-55.84905247303055,T1,Healthy
43823.64962731623,-55.589884171687864,T1,Healthy
46433.79405571865,-56.793283211486056,T1,Healthy
49199.3991542171,-56.063602771984826,T1,Healthy
52129.72418819331,-57.73330210402438,T1,Healthy
55234.57990653472,-58.003917928270575,T1,Healthy
58524.361388091784,-57.93544732392328,T1,Healthy
62010.082844474455,-59.45506591952546,T1,Healthy
65703.41449571123,-59.22144389877633,T1,Healthy
69616.72164222723,-59.175259271238176,T1,Healthy
73763.10606395824,-61.124351315827376,T1,Healthy
78156.4498852013,-60.718200862994216,T1,Healthy
82811.462052066,-61.16862148914335,T1,Healthy
87743.72757812844,-61.39384267747158,T1,Healthy
92969.75972316817,-62.88757713204878,T1,Healthy
98507.05527967683,-63.41184564940497,T1,Healthy
104374.1531522445,-62.971342652694695,T1,Healthy
110590.69642594141,-63.56271148986582,T1,Healthy
117177.498131507,-64.06305700245392,T1,Healthy
124156.61092752194,-64.49040417647525,T1,Healthy
131551.4009328665,-65.4772079106838,T1,Healthy
139386.6259566494,-65.49289665718037,T1,Healthy
147688.5183875296,-65.93259528226044,T1,Healthy
156484.87301993617,-66.90471575417935,T1,Healthy
165805.1401112387,-66.08138335760754,T1,Healthy
175680.52398141412,-67.24242935037952,T1,Healthy
186144.08748533286,-68.53844101959405,T1,Healthy
197230.8627074273,-68.07634885225212,T1,Healthy
208977.9682493607,-69.35222148008351,T1,Healthy
221424.73350336432,-68.93003861000852,T1,Healthy
234612.8303273233,-69.20145632491923,T1,Healthy
248586.41256244728,-70.64677003288023,T1,Healthy
263392.2638606463,-70.20894669212014,T1,Healthy
279079.9543165232,-70.93701179433529,T1,Healthy
295702.00642840454,-71.18373269915655,T1,Healthy
313314.0709440307,-71.09635211990722,T1,Healthy
331975.1131796572,-72.61608697027927,T1,Healthy
351747.61043634405,-73.31759776955668,T1,Healthy
372697.7611744061,-73.83155098183458,T1,Healthy
394895.7066463194,-74.23952592758624,T1,Healthy
418415.7657301354,-74.31379801113664,T1,Healthy
443336.68374960276,-74.5471340663232,T1,Healthy
469741.8961140733,-75.0207019845351,T1,Healthy
497719.8076608342,-75.1857061410379,T1,Healthy
527364.0886351346,-76.03199955573237,T1,Healthy
558773.988298819,-75.74992851918081,T1,Healthy
592054.6672175659,-77.04625195176452,T1,Healthy
627317.5493391927,-75.99014106234188,T1,Healthy
664680.6950418303,-77.47281001162399,T1,Healthy
704269.1964008914,-78.64879878731858,T1,Healthy
746215.5959982318,-79.18944375117982,T1,Healthy
790660.3306756386,-78.84578334697493,T1,Healthy
837752.2017183795,-79.63106142597124,T1,Healthy
887648.8730429428,-79.5939730072855,T1,Healthy
940517.3990569552,-80.14537514264215,T1,Healthy
996534.7839585034,-80.84885172166626,T1,Healthy
1055888.5743474532,-81.6657455393155,T1,Healthy
1118777.4871327726,-82.42919764259173,T1,Healthy
1185412.0748381626,-82.32401692859861,T1,Healthy
1256015.4305333728,-82.10115196510372,T1,Healthy
1330823.9347513937,-82.85054955073039,T1,Healthy
1410088.0468921275,-84.00841090591018,T1,Healthy
1494073.1437622476,-83.72664325237317,T1,Healthy
1583060.4080585968,-84.04806156056547,T1,Healthy
1677347.7697698642,-85.10997720127696,T1,Healthy
1777250.9036482647,-85.01840332172476,T1,Healthy
1883104.286090862,-85.4933155968998,T1,Healthy
1995262.3149688786,-86.52104344746226,T1,Healthy
19.952623149688797,17.06956823642572,T2,Healthy
21.141004961542972,16.68780297411773,T2,Healthy
22.40016700716144,16.46383555745943,T2,Healthy
23.73432496995651,15.962262265649173,T2,Healthy
25.147945620200318,14.25772011332651,T2,Healthy
26.645761769803183,13.986969436754075,T2,Healthy
28.232788117801306,14.22085287746564,T2,Healthy
29.914338039604495,13.72580134312808,T2,Healthy
31.69604137621455,13.23012006709395,T2,Healthy
33.583863282972615,14.400760643894296,T2,Healthy
35.58412420094141,12.259746925367692,T2,Healthy
37.70352101778643,12.04009783115516,T2,Healthy
39.94914948900315,11.445435471460645,T2,Healthy
42.32852799455645,10.788356895101368,T2,Healthy
44.849622710469816,9.79736248634669,T2,Healthy
47.52087427963884,9.824929969634086,T2,Healthy
50.35122607116317,8.547597857926315,T2,Healthy
53.35015412280942,8.302288755066204,T2,Healthy
56.52769886685239,7.662833182748685,T2,Healthy
59.894498745513204,7.429406228024181,T2,Healthy
63.46182582853895,8.026899121084389,T2,Healthy
67.24162355217156,5.415194742987126,T2,Healthy
71.24654670585686,6.16938326602608,T2,Healthy
75.49000380056873,4.495502060989265,T2,Healthy
79.9862019605985,4.5396956960659285,T2,Healthy
84.75019448910734,4.7921483184475555,T2,Healthy
89.79793126669139,3.75005026125178,T2,Healthy
95.14631215169457,2.6475181372896315,T2,Healthy
100.8132435610535,2.2954803001615005,T2,Healthy
106.8176984211078,2.4579534205044817,T2,Healthy
113.1797796890913,1.2162948781467722,T2,Healthy
119.92078765797466,1.1513539598565685,T2,Healthy
127.06329126999654,0.5259025042806567,T2,Healthy
134.63120367764145,-0.3643225524382258,T2,Healthy
142.649862305043,0.490204519923074,T2,Healthy
151.14611367785858,-0.8096336298124633,T2,Healthy
160.14840330562677,-2.6855438099533107,T2,Healthy
169.68687091753384,-2.1276508027751686,T2,Healthy
179.7934513704398,-3.1011740490712993,T2,Healthy
190.50198156700455,-2.894934818654687,T2,Healthy
201.8483137418764,-4.269719810742562,T2,Healthy
213.870435495227,-4.484541469803098,T2,Healthy
226.60859697550455,-4.729766947691412,T2,Healthy
240.1054456372146,-5.105810670215285,T2,Healthy
254.406169024899,-6.696570458282186,T2,Healthy
269.5586460613534,-6.822678308167737,T2,Healthy
285.61360734659905,-7.453141567444136,T2,Healthy
302.62480500428904,-8.103774093867491,T2,Healthy
320.6491926441981,-7.456985068132069,T2,Healthy
339.74711604330935,-8.700948255713294,T2,Healthy
359.9825151839018,-10.098693581091094,T2,Healthy
381.4231383250621,-9.575179365232993,T2,Healthy
404.1407688243337,-9.539897229041287,T2,Healthy
428.2114654689045,-10.6525733166412,T2,Healthy
453.7158171209631,-12.497245946908627,T2,Healthy
480.73921252977766,-12.54931559855007,T2,Healthy
509.37212621383117,-12.244220793262523,T2,Healthy
539.7104213701473,-13.802786209948007,T2,Healthy
571.855670824951,-13.799070768573504,T2,Healthy
605.9154971002063,-14.206402474438962,T2,Healthy
642.0039327345803,-15.630589437016857,T2,Healthy
680.2418020651864,-15.770912509247434,T2,Healthy
720.7571257483174,-17.936384917531004,T2,Healthy
763.6855493735064,-17.4030767636383,T2,Healthy
809.1707976059171,-17.59278315149454,T2,Healthy
857.3651553775369,-18.666445089308848,T2,Healthy
908.4299777382041,-17.802794134263753,T2,Healthy
962.5362300734521,-19.91086195679024,T2,Healthy
1019.8650604978276,-19.992903296810184,T2,Healthy
1080.6084063400547,-20.284851776627402,T2,Healthy
1144.9696367505674,-20.2071304221987,T2,Healthy
1213.1642335828576,-22.223399768159574,T2,Healthy
1285.4205128282442,-21.501697602560174,T2,Healthy
1361.9803890194196,-22.65603536136935,T2,Healthy
1443.100185162013,-23.729792685859277,T2,Healthy
1529.0514909058234,-23.585839566042917,T2,Healthy
1620.12207182888,-24.295133312942106,T2,Healthy
1716.6168328786307,-25.272414863095715,T2,Healthy
1818.8588391958554,-25.51487262473675,T2,Healthy
1927.1903977390368,-26.319674371116584,T2,Healthy
2041.974203330476,-26.647232293047832,T2,Healthy
2163.5945529611035,-26.949581504494546,T2,Healthy
2292.458632419543,-27.06392998885497,T2,Healthy
2428.997879552966,-29.0517268065843,T2,Healthy
2573.6694287240925,-27.94172582051957,T2,Healthy
2726.957641300216,-30.559206622702156,T2,Healthy
2889.3757272985245,-30.23342654162565,T2,Healthy
3061.4674636168133,-30.437152356292085,T2,Healthy
3243.809014602422,-31.163952698702623,T2,Healthy
3437.0108610544858,-32.188252190037346,T2,Healthy
3641.7198441180076,-32.552689326001634,T2,Healthy
3858.6213309125237,-33.26608272018238,T2,Healthy
4088.441509146111,-33.88440376004229,T2,Healthy
4331.949818396894,-33.73420184824904,T2,Healthy
4589.961526202254,-34.54887690660405,T2,Healthy
4863.340457580215,-35.641279856834565,T2,Healthy
5153.001887121781,-35.41148320128504,T2,Healthy
5459.915603336642,-36.273068762039046,T2,Healthy
5785.10915551203,-36.58466042930172,T2,Healthy
6129.671293954898,-37.23954856652697,T2,Healthy
6494.755615135714,-38.5309921693135,T2,Healthy
6881.584423937493,-38.957539402511856,T2,Healthy
7291.452825941266,-38.8635419484978,T2,Healthy
7725.7330634486,-39.49049301153707,T2,Healthy
8185.879109758613,-40.363332522821935,T2,Healthy
8673.431537080716,-40.85010127969307,T2,Healthy
9190.022674381382,-40.82446174189291,T2,Healthy
9737.382072432882,-42.31222223933574,T2,Healthy
10317.342294361637,-42.29461138539044,T2,Healthy
10931.845051082335,-43.2195300440653,T2,Healthy
11582.947702159929,-43.77606792230138,T2,Healthy
12272.830143863812,-43.66512324294659,T2,Healthy
13003.802107476082,-44.34755032529622,T2,Healthy
13778.310892287982,-44.89768570300149,T2,Healthy
14598.949559175398,-45.19429202456968,T2,Healthy
15468.46561218474,-46.37750400039381,T2,Healthy
16389.770197196118,-46.58636323491331,T2,Healthy
17365.947848460026,-47.620142960575016,T2,Healthy
18400.266815640054,-47.838910136582136,T2,Healthy
19496.19000593552,-48.60034131024627,T2,Healthy
20657.386577919526,-49.01932095907961,T2,Healthy
21887.74422590741,-49.30104331462755,T2,Healthy
23191.382195985083,-50.5367709233275,T2,Healthy
24572.665077273636,-49.608724821798255,T2,Healthy
26036.21741460489,-51.68338853106048,T2,Healthy
27586.939191529716,-52.311124543351454,T2,Healthy
29230.022235497945,-51.64680086927877,T2,Healthy
30970.96760013287,-52.35001450862197,T2,Healthy
32815.60398279805,-52.951927944563245,T2,Healthy
34770.10723911671,-53.46609967755518,T2,Healthy
36841.021059780476,-54.300814285543105,T2,Healthy
39035.27887887138,-55.2558629238608,T2,Healthy
41360.22708704874,-55.27999833707063,T2,Healthy
43823.64962731623,-56.16526124276151,T2,Healthy
46433.79405571865,-55.84601122766028,T2,Healthy
49199.3991542171,-56.91209866524466,T2,Healthy
52129.72418819331,-57.75442405625252,T2,Healthy
55234.57990653472,-58.003580090994234,T2,Healthy
58524.361388091784,-58.1357402054703,T2,Healthy
62010.082844474455,-59.12149603771047,T2,Healthy
65703.41449571123,-59.74628406386161,T2,Healthy
69616.72164222723,-59.70698704263343,T2,Healthy
73763.10606395824,-60.1981264129924,T2,Healthy
78156.4498852013,-61.06398937994594,T2,Healthy
82811.462052066,-61.53408203907672,T2,Healthy
87743.72757812844,-61.66872914468142,T2,Healthy
92969.75972316817,-62.993143947358405,T2,Healthy
98507.05527967683,-63.455349230051105,T2,Healthy
104374.1531522445,-63.591535546129364,T2,Healthy
110590.69642594141,-63.817927402338334,T2,Healthy
117177.498131507,-64.03284964482785,T2,Healthy
124156.61092752194,-63.92595017274896,T2,Healthy
131551.4009328665,-64.70836573829355,T2,Healthy
139386.6259566494,-65.68899277074259,T2,Healthy
147688.5183875296,-66.08863962286112,T2,Healthy
156484.87301993617,-67.04880472748508,T2,Healthy
165805.1401112387,-67.0235271811761,T2,Healthy
175680.52398141412,-67.62367513029548,T2,Healthy
186144.08748533286,-67.78142999082367,T2,Healthy
197230.8627074273,-68.8182411283452,T2,Healthy
208977.9682493607,-68.60520738784928,T2,Healthy
221424.73350336432,-68.55721145537845,T2,Healthy
234612.8303273233,-69.83513418865137,T2,Healthy
248586.41256244728,-70.0355730126549,T2,Healthy
263392.2638606463,-70.34556276088674,T2,Healthy
279079.9543165232,-71.34401249374646,T2,Healthy
295702.00642840454,-71.48271653824858,T2,Healthy
313314.0709440307,-72.0384524108433,T2,Healthy
331975.1131796572,-72.44455486300342,T2,Healthy
351747.61043634405,-73.32723457930567,T2,Healthy
372697.7611744061,-73.37453867989234,T2,Healthy
394895.7066463194,-73.5826216394808,T2,Healthy
418415.7657301354,-73.54967535253206,T2,Healthy
443336.68374960276,-74.23807464068892,T2,Healthy
469741.8961140733,-74.08245615544433,T2,Healthy
497719.8076608342,-75.98297154699993,T2,Healthy
527364.0886351346,-75.60234018331099,T2,Healthy
558773.988298819,-76.3850245548903,T2,Healthy
592054.6672175659,-75.81902206853671,T2,Healthy
627317.5493391927,-77.75437478831427,T2,Healthy
664680.6950418303,-78.20550460659689,T2,Healthy
704269.1964008914,-78.51991633183246,T2,Healthy
746215.5959982318,-79.71594536430418,T2,Healthy
790660.3306756386,-79.3498970654369,T2,Healthy
837752.2017183795,-79.89889636408516,T2,Healthy
887648.8730429428,-79.87577636109344,T2,Healthy
940517.3990569552,-80.21111596704036,T2,Healthy
996534.7839585034,-79.87435184572989,T2,Healthy
1055888.5743474532,-80.76713676118827,T2,Healthy
1118777.4871327726,-81.96022585808,T2,Healthy
1185412.0748381626,-82.54996678823927,T2,Healthy
1256015.4305333728,-82.2833917765122,T2,Healthy
1330823.9347513937,-83.61771302630581,T2,Healthy
1410088.0468921275,-82.469812133627,T2,Healthy
1494073.1437622476,-83.2235136549381,T2,Healthy
1583060.4080585968,-84.47530807648224,T2,Healthy
1677347.7697698642,-85.52461574772182,T2,Healthy
1777250.9036482647,-84.41832968761483,T2,Healthy
1883104.286090862,-85.57968987874911,T2,Healthy
1995262.3149688786,-85.33065014256022,T2,Healthy
19.952623149688797,15.774575195095522,T3,Winding_Deformation
21.141004961542972,15.98784819486597,T3,Winding_Deformation
22.40016700716144,15.92598052567452,T3,Winding_Deformation
23.73432496995651,15.46824765526704,T3,Winding_Deformation
25.147945620200318,14.631508967269584,T3,Winding_Deformation
26.645761769803183,14.891876909354885,T3,Winding_Deformation
28.232788117801306,13.216000943293494,T3,Winding_Deformation
29.914338039604495,13.36924272815707,T3,Winding_Deformation
31.69604137621455,13.056803166139256,T3,Winding_Deformation
33.583863282972615,12.83450208240806,T3,Winding_Deformation
35.58412420094141,12.47243208468333,T3,Winding_Deformation
37.70352101778643,10.68506554677835,T3,Winding_Deformation
39.94914948900315,9.894554670199105,T3,Winding_Deformation
42.32852799455645,11.357035044777415,T3,Winding_Deformation
44.849622710469816,10.187616917052555,T3,Winding_Deformation
47.52087427963884,8.92150478379781,T3,Winding_Deformation
50.35122607116317,10.01981684806073,T3,Winding_Deformation
53.35015412280942,8.501670302440873,T3,Winding_Deformation
56.52769886685239,8.731022985507101,T3,Winding_Deformation
59.894498745513204,7.435732095316151,T3,Winding_Deformation
63.46182582853895,8.312093385160432,T3,Winding_Deformation
67.24162355217156,7.5775659289825334,T3,Winding_Deformation
71.24654670585686,5.651978266878812,T3,Winding_Deformation
75.49000380056873,5.981959662196068,T3,Winding_Deformation
79.9862019605985,5.227424793544351,T3,Winding_Deformation
84.75019448910734,5.205715109957393,T3,Winding_Deformation
89.79793126669139,3.0424638286868997,T3,Winding_Deformation
95.14631215169457,3.6666265469321697,T3,Winding_Deformation
100.8132435610535,3.394029292766244,T3,Winding_Deformation
106.8176984211078,0.8870368995968101,T3,Winding_Deformation
113.1797796890913,0.7531972227668695,T3,Winding_Deformation
119.92078765797466,-0.3843378847959107,T3,Winding_Deformation
127.06329126999654,0.314531748607467,T3,Winding_Deformation
134.63120367764145,0.4637570969911685,T3,Winding_Deformation
142.649862305043,0.4698822070450841,T3,Winding_Deformation
151.14611367785858,-1.0747271946489299,T3,Winding_Deformation
160.14840330562677,-0.532942406504527,T3,Winding_Deformation
169.68687091753384,-3.186950451443201,T3,Winding_Deformation
179.7934513704398,-3.9626512910030014,T3,Winding_Deformation
190.50198156700455,-3.3600400155647705,T3,Winding_Deformation
201.8483137418764,-3.604623057411644,T3,Winding_Deformation
213.870435495227,-4.450076655809877,T3,Winding_Deformation
226.60859697550455,-6.429500615595314,T3,Winding_Deformation
240.1054456372146,-5.601126272290619,T3,Winding_Deformation
254.406169024899,-7.009645052659481,T3,Winding_Deformation
269.5586460613534,-6.186819058426872,T3,Winding_Deformation
285.61360734659905,-6.959325914119026,T3,Winding_Deformation
302.62480500428904,-8.435488456641954,T3,Winding_Deformation
320.6491926441981,-8.700187038406153,T3,Winding_Deformation
339.74711604330935,-9.646146187947291,T3,Winding_Deformation
359.9825151839018,-9.514160470401503,T3,Winding_Deformation
381.4231383250621,-9.3687575314031,T3,Winding_Deformation
404.1407688243337,-11.296102598658761,T3,Winding_Deformation
428.2114654689045,-10.823942969707044,T3,Winding_Deformation
453.7158171209631,-12.120993084940277,T3,Winding_Deformation
480.73921252977766,-12.88080813149938,T3,Winding_Deformation
509.37212621383117,-12.980476609785212,T3,Winding_Deformation
539.7104213701473,-14.214886948286788,T3,Winding_Deformation
571.855670824951,-14.468849406062049,T3,Winding_Deformation
605.9154971002063,-15.519283878143113,T3,Winding_Deformation
642.0039327345803,-13.915876562440443,T3,Winding_Deformation
680.2418020651864,-15.89105231079341,T3,Winding_Deformation
720.7571257483174,-17.048169071337625,T3,Winding_Deformation
763.6855493735064,-17.074003361135194,T3,Winding_Deformation
809.1707976059171,-17.996207238465665,T3,Winding_Deformation
857.3651553775369,-18.80076219281855,T3,Winding_Deformation
908.4299777382041,-18.986457254995827,T3,Winding_Deformation
962.5362300734521,-19.70579633151615,T3,Winding_Deformation
1019.8650604978276,-21.484336304836983,T3,Winding_Deformation
1080.6084063400547,-22.458010011890657,T3,Winding_Deformation
1144.9696367505674,-23.26162353178497,T3,Winding_Deformation
1213.1642335828576,-25.77281340196235,T3,Winding_Deformation
1285.4205128282442,-26.39696592607877,T3,Winding_Deformation
1361.9803890194196,-25.6386697548506,T3,Winding_Deformation
1443.100185162013,-26.78614564409098,T3,Winding_Deformation
1529.0514909058234,-29.532112184495197,T3,Winding_Deformation
1620.12207182888,-30.44329833536143,T3,Winding_Deformation
1716.6168328786307,-32.17360715779813,T3,Winding_Deformation
1818.8588391958554,-31.818558770273878,T3,Winding_Deformation
1927.1903977390368,-34.78822562228084,T3,Winding_Deformation
2041.974203330476,-37.25021455528833,T3,Winding_Deformation
2163.5945529611035,-39.38111192684396,T3,Winding_Deformation
2292.458632419543,-41.3220369191619,T3,Winding_Deformation
2428.997879552966,-41.44511660538156,T3,Winding_Deformation
2573.6694287240925,-43.38432133573337,T3,Winding_Deformation
2726.957641300216,-44.97081245031623,T3,Winding_Deformation
2889.3757272985245,-45.38144747681266,T3,Winding_Deformation
3061.4674636168133,-46.458727718398706,T3,Winding_Deformation
3243.809014602422,-45.10512781621243,T3,Winding_Deformation
3437.0108610544858,-46.06467555699166,T3,Winding_Deformation
3641.7198441180076,-46.90089860269607,T3,Winding_Deformation
3858.6213309125237,-45.903876956785766,T3,Winding_Deformation
4088.441509146111,-46.78028112802472,T3,Winding_Deformation
4331.949818396894,-47.20575321995115,T3,Winding_Deformation
4589.961526202254,-45.205921724666354,T3,Winding_Deformation
4863.340457580215,-45.49376990487006,T3,Winding_Deformation
5153.001887121781,-46.154688476762374,T3,Winding_Deformation
5459.915603336642,-45.10608559688016,T3,Winding_Deformation
5785.10915551203,-45.142173314633744,T3,Winding_Deformation
6129.671293954898,-45.08795526756276,T3,Winding_Deformation
6494.755615135714,-43.115004604123534,T3,Winding_Deformation
6881.584423937493,-42.13653650706998,T3,Winding_Deformation
7291.452825941266,-44.23790618476163,T3,Winding_Deformation
7725.7330634486,-42.73195201269258,T3,Winding_Deformation
8185.879109758613,-43.53156665656293,T3,Winding_Deformation
8673.431537080716,-43.44860840471984,T3,Winding_Deformation
9190.022674381382,-43.63114355392847,T3,Winding_Deformation
9737.382072432882,-44.001518211576226,T3,Winding_Deformation
10317.342294361637,-43.60727271337308,T3,Winding_Deformation
10931.845051082335,-44.5238750582319,T3,Winding_Deformation
11582.947702159929,-44.1023665931897,T3,Winding_Deformation
12272.830143863812,-44.717106943458845,T3,Winding_Deformation
13003.802107476082,-45.273018286437825,T3,Winding_Deformation
13778.310892287982,-46.191901808674125,T3,Winding_Deformation
14598.949559175398,-46.43251070468683,T3,Winding_Deformation
15468.46561218474,-45.988570248413,T3,Winding_Deformation
16389.770197196118,-46.667588753706895,T3,Winding_Deformation
17365.947848460026,-48.21236961986802,T3,Winding_Deformation
18400.266815640054,-47.974678225808134,T3,Winding_Deformation
19496.19000593552,-48.03854060349176,T3,Winding_Deformation
20657.386577919526,-50.25593996417128,T3,Winding_Deformation
21887.74422590741,-49.23115938815329,T3,Winding_Deformation
23191.382195985083,-50.59989445783481,T3,Winding_Deformation
24572.665077273636,-50.26090130480582,T3,Winding_Deformation
26036.21741460489,-51.71809267879138,T3,Winding_Deformation
27586.939191529716,-52.96960008783907,T3,Winding_Deformation
29230.022235497945,-53.366469164586334,T3,Winding_Deformation
30970.96760013287,-52.71300176711727,T3,Winding_Deformation
32815.60398279805,-53.08267453907729,T3,Winding_Deformation
34770.10723911671,-54.41358774096413,T3,Winding_Deformation
36841.021059780476,-53.84784911520688,T3,Winding_Deformation
39035.27887887138,-55.97040034332657,T3,Winding_Deformation
41360.22708704874,-55.3642142173301,T3,Winding_Deformation
43823.64962731623,-56.67442446615891,T3,Winding_Deformation
46433.79405571865,-56.789874699865024,T3,Winding_Deformation
49199.3991542171,-56.80540103840011,T3,Winding_Deformation
52129.72418819331,-57.94397034578724,T3,Winding_Deformation
55234.57990653472,-58.11207903337757,T3,Winding_Deformation
58524.361388091784,-57.63780255362247,T3,Winding_Deformation
62010.082844474455,-59.24345890438709,T3,Winding_Deformation
65703.41449571123,-58.75018982071876,T3,Winding_Deformation
69616.72164222723,-60.61962566860452,T3,Winding_Deformation
73763.10606395824,-59.94974688633993,T3,Winding_Deformation
78156.4498852013,-59.80141981393745,T3,Winding_Deformation
82811.462052066,-63.02871406405883,T3,Winding_Deformation
87743.72757812844,-62.34258080568822,T3,Winding_Deformation
92969.75972316817,-61.86515129407843,T3,Winding_Deformation
98507.05527967683,-62.8937491161789,T3,Winding_Deformation
104374.1531522445,-62.972511325591064,T3,Winding_Deformation
110590.69642594141,-64.13399345785423,T3,Winding_Deformation
117177.498131507,-64.12769057670266,T3,Winding_Deformation
124156.61092752194,-64.77260234613681,T3,Winding_Deformation
131551.4009328665,-64.31974810679452,T3,Winding_Deformation
139386.6259566494,-65.43092891547725,T3,Winding_Deformation
147688.5183875296,-65.84280965546898,T3,Winding_Deformation
156484.87301993617,-66.83585392145699,T3,Winding_Deformation
165805.1401112387,-67.35559497003283,T3,Winding_Deformation
175680.52398141412,-67.78213654231006,T3,Winding_Deformation
186144.08748533286,-67.66667277132828,T3,Winding_Deformation
197230.8627074273,-68.69931479314337,T3,Winding_Deformation
208977.9682493607,-68.66203824514243,T3,Winding_Deformation
221424.73350336432,-67.87080035282797,T3,Winding_Deformation
234612.8303273233,-69.17096682202076,T3,Winding_Deformation
248586.41256244728,-70.46464534622186,T3,Winding_Deformation
263392.2638606463,-69.84978501122754,T3,Winding_Deformation
279079.9543165232,-71.42905501891863,T3,Winding_Deformation
295702.00642840454,-73.0214499537783,T3,Winding_Deformation
313314.0709440307,-72.75040902887638,T3,Winding_Deformation
331975.1131796572,-73.80294725699594,T3,Winding_Deformation
351747.61043634405,-73.18678912620686,T3,Winding_Deformation
372697.7611744061,-73.37390090158912,T3,Winding_Deformation
394895.7066463194,-72.65811466651083,T3,Winding_Deformation
418415.7657301354,-74.04639799479467,T3,Winding_Deformation
443336.68374960276,-74.87108042389772,T3,Winding_Deformation
469741.8961140733,-74.57846347737167,T3,Winding_Deformation
497719.8076608342,-77.14709248186142,T3,Winding_Deformation
527364.0886351346,-75.87357031099532,T3,Winding_Deformation
558773.988298819,-75.9370899220386,T3,Winding_Deformation
592054.6672175659,-77.94893390719143,T3,Winding_Deformation
627317.5493391927,-76.54959781539183,T3,Winding_Deformation
664680.6950418303,-77.54869620026041,T3,Winding_Deformation
704269.1964008914,-78.51092154884101,T3,Winding_Deformation
746215.5959982318,-78.21105019587486,T3,Winding_Deformation
790660.3306756386,-77.49753455413345,T3,Winding_Deformation
837752.2017183795,-79.39202365476736,T3,Winding_Deformation
887648.8730429428,-79.7772188439213,T3,Winding_Deformation
940517.3990569552,-80.7035465846071,T3,Winding_Deformation
996534.7839585034,-81.40732832396318,T3,Winding_Deformation
1055888.5743474532,-80.66111360870032,T3,Winding_Deformation
1118777.4871327726,-82.27103270838501,T3,Winding_Deformation
1185412.0748381626,-82.05066308651152,T3,Winding_Deformation
1256015.4305333728,-82.86371157500103,T3,Winding_Deformation
1330823.9347513937,-82.62231054477301,T3,Winding_Deformation
1410088.0468921275,-83.15197804285332,T3,Winding_Deformation
1494073.1437622476,-83.08695575431823,T3,Winding_Deformation
1583060.4080585968,-84.59773172962821,T3,Winding_Deformation
1677347.7697698642,-84.85696093788175,T3,Winding_Deformation
1777250.9036482647,-85.78040047574515,T3,Winding_Deformation
1883104.286090862,-85.83342523817608,T3,Winding_Deformation
1995262.3149688786,-85.68544795341555,T3,Winding_Deformation
19.952623149688797,17.420566587903323,T4,Winding_Deformation
21.141004961542972,15.761894984009274,T4,Winding_Deformation
22.40016700716144,16.531034079945755,T4,Winding_Deformation
23.73432496995651,16.384307740795187,T4,Winding_Deformation
25.147945620200318,15.235959229561646,T4,Winding_Deformation
26.645761769803183,15.769639025502283,T4,Winding_Deformation
28.232788117801306,13.42168280448881,T4,Winding_Deformation
29.914338039604495,12.597650075353984,T4,Winding_Deformation
31.69604137621455,11.72749204970793,T4,Winding_Deformation
33.583863282972615,13.521625916609363,T4,Winding_Deformation
35.58412420094141,12.432357629468948,T4,Winding_Deformation
37.70352101778643,11.43340574142754,T4,Winding_Deformation
39.94914948900315,11.164412628137914,T4,Winding_Deformation
42.32852799455645,9.674818936339594,T4,Winding_Deformation
44.849622710469816,11.66702349439862,T4,Winding_Deformation
47.52087427963884,9.535900186770057,T4,Winding_Deformation
50.35122607116317,9.01058682141839,T4,Winding_Deformation
53.35015412280942,8.928734695164957,T4,Winding_Deformation
56.52769886685239,8.242221418878122,T4,Winding_Deformation
59.894498745513204,7.545187975324467,T4,Winding_Deformation
63.46182582853895,6.3162377189313235,T4,Winding_Deformation
67.24162355217156,6.6788551892674874,T4,Winding_Deformation
71.24654670585686,7.143670318346687,T4,Winding_Deformation
75.49000380056873,6.243654028836503,T4,Winding_Deformation
79.9862019605985,5.890892267482326,T4,Winding_Deformation
84.75019448910734,3.8898220461829194,T4,Winding_Deformation
89.79793126669139,3.0251868769119663,T4,Winding_Deformation
95.14631215169457,3.098339680863509,T4,Winding_Deformation
100.8132435610535,2.6921395905736185,T4,Winding_Deformation
106.8176984211078,2.884088603022654,T4,Winding_Deformation
113.1797796890913,0.39675294083253854,T4,Winding_Deformation
119.92078765797466,2.113809863258589,T4,Winding_Deformation
127.06329126999654,0.39251100371336484,T4,Winding_Deformation
134.63120367764145,-0.33733923102919905,T4,Winding_Deformation
142.649862305043,-1.2902407921042527,T4,Winding_Deformation
151.14611367785858,-2.284993211248811,T4,Winding_Deformation
160.14840330562677,-1.0967538796310912,T4,Winding_Deformation
169.68687091753384,-2.1695568536608945,T4,Winding_Deformation
179.7934513704398,-3.673256213273131,T4,Winding_Deformation
190.50198156700455,-4.227711766781669,T4,Winding_Deformation
201.8483137418764,-4.108518161172249,T4,Winding_Deformation
213.870435495227,-3.2588752644414365,T4,Winding_Deformation
226.60859697550455,-5.164005091521924,T4,Winding_Deformation
240.1054456372146,-6.5909423118143415,T4,Winding_Deformation
254.406169024899,-6.268536547166245,T4,Winding_Deformation
269.5586460613534,-6.846496341431268,T4,Winding_Deformation
285.61360734659905,-9.10376533644592,T4,Winding_Deformation
302.62480500428904,-7.815579012775273,T4,Winding_Deformation
320.6491926441981,-8.502134367416541,T4,Winding_Deformation
339.74711604330935,-8.417352267255634,T4,Winding_Deformation
359.9825151839018,-8.176015835848542,T4,Winding_Deformation
381.4231383250621,-9.248761635070537,T4,Winding_Deformation
404.1407688243337,-10.794316449612262,T4,Winding_Deformation
428.2114654689045,-11.951343666688706,T4,Winding_Deformation
453.7158171209631,-9.948460889804666,T4,Winding_Deformation
480.73921252977766,-12.284344245105599,T4,Winding_Deformation
509.37212621383117,-12.89580485347796,T4,Winding_Deformation
539.7104213701473,-13.507104883570229,T4,Winding_Deformation
571.855670824951,-13.942635559781522,T4,Winding_Deformation
605.9154971002063,-14.781821641677679,T4,Winding_Deformation
642.0039327345803,-15.692747560298082,T4,Winding_Deformation
680.2418020651864,-16.298538056041895,T4,Winding_Deformation
720.7571257483174,-16.581288504894015,T4,Winding_Deformation
763.6855493735064,-17.604186638442783,T4,Winding_Deformation
809.1707976059171,-18.4165696515561,T4,Winding_Deformation
857.3651553775369,-18.571582313760963,T4,Winding_Deformation
908.4299777382041,-19.59485799722082,T4,Winding_Deformation
962.5362300734521,-19.18325663654138,T4,Winding_Deformation
1019.8650604978276,-22.968664367384722,T4,Winding_Deformation
1080.6084063400547,-21.290882447093658,T4,Winding_Deformation
1144.9696367505674,-22.19682770903048,T4,Winding_Deformation
1213.1642335828576,-25.612841749333146,T4,Winding_Deformation
1285.4205128282442,-25.57621349839603,T4,Winding_Deformation
1361.9803890194196,-26.855490348258822,T4,Winding_Deformation
1443.100185162013,-28.92288122984435,T4,Winding_Deformation
1529.0514909058234,-29.902258638119346,T4,Winding_Deformation
1620.12207182888,-31.624291301326547,T4,Winding_Deformation
1716.6168328786307,-31.16489295558207,T4,Winding_Deformation
1818.8588391958554,-33.31880046098932,T4,Winding_Deformation
1927.1903977390368,-34.681839493789134,T4,Winding_Deformation
2041.974203330476,-36.65550179642153,T4,Winding_Deformation
2163.5945529611035,-39.50256985827572,T4,Winding_Deformation
2292.458632419543,-40.56468868137744,T4,Winding_Deformation
2428.997879552966,-41.244978957629066,T4,Winding_Deformation
2573.6694287240925,-43.71036528025872,T4,Winding_Deformation
2726.957641300216,-43.476135952477186,T4,Winding_Deformation
2889.3757272985245,-45.09707423655359,T4,Winding_Deformation
3061.4674636168133,-45.96401868115335,T4,Winding_Deformation
3243.809014602422,-45.788454983020785,T4,Winding_Deformation
3437.0108610544858,-46.370839068816046,T4,Winding_Deformation
3641.7198441180076,-47.14799406984779,T4,Winding_Deformation
3858.6213309125237,-46.128306991653815,T4,Winding_Deformation
4088.441509146111,-47.59118327269798,T4,Winding_Deformation
4331.949818396894,-46.17169935416038,T4,Winding_Deformation
4589.961526202254,-45.85693769817725,T4,Winding_Deformation
4863.340457580215,-46.08768944296911,T4,Winding_Deformation
5153.001887121781,-45.20032305316437,T4,Winding_Deformation
5459.915603336642,-45.848628025691355,T4,Winding_Deformation
5785.10915551203,-43.88242162381958,T4,Winding_Deformation
6129.671293954898,-44.249426951397815,T4,Winding_Deformation
6494.755615135714,-44.12923500175901,T4,Winding_Deformation
6881.584423937493,-42.73882169731324,T4,Winding_Deformation
7291.452825941266,-43.751949466468155,T4,Winding_Deformation
7725.7330634486,-44.111953385830475,T4,Winding_Deformation
8185.879109758613,-44.16575727964438,T4,Winding_Deformation
8673.431537080716,-42.683413670142606,T4,Winding_Deformation
9190.022674381382,-44.11276835370866,T4,Winding_Deformation
9737.382072432882,-42.1683687454113,T4,Winding_Deformation
10317.342294361637,-45.09858843845306,T4,Winding_Deformation
10931.845051082335,-42.754690518941146,T4,Winding_Deformation
11582.947702159929,-44.14397414419375,T4,Winding_Deformation
12272.830143863812,-44.749639445153726,T4,Winding_Deformation
13003.802107476082,-45.4871980143976,T4,Winding_Deformation
13778.310892287982,-45.27721196519855,T4,Winding_Deformation
14598.949559175398,-46.05511506498639,T4,Winding_Deformation
15468.46561218474,-45.74503278907946,T4,Winding_Deformation
16389.770197196118,-46.938271430980535,T4,Winding_Deformation
17365.947848460026,-47.422869715485724,T4,Winding_Deformation
18400.266815640054,-48.29873938815829,T4,Winding_Deformation
19496.19000593552,-48.604373526456754,T4,Winding_Deformation
20657.386577919526,-48.871895029161884,T4,Winding_Deformation
21887.74422590741,-50.80862939767888,T4,Winding_Deformation
23191.382195985083,-51.079787622046716,T4,Winding_Deformation
24572.665077273636,-50.14003550700513,T4,Winding_Deformation
26036.21741460489,-51.06420546252206,T4,Winding_Deformation
27586.939191529716,-51.83497095282078,T4,Winding_Deformation
29230.022235497945,-52.21428570492234,T4,Winding_Deformation
30970.96760013287,-52.50335403602707,T4,Winding_Deformation
32815.60398279805,-53.64231206649888,T4,Winding_Deformation
34770.10723911671,-54.32537941117266,T4,Winding_Deformation
36841.021059780476,-54.15777215778267,T4,Winding_Deformation
39035.27887887138,-55.49219724406882,T4,Winding_Deformation
41360.22708704874,-55.032181429276854,T4,Winding_Deformation
43823.64962731623,-57.01852164929168,T4,Winding_Deformation
46433.79405571865,-55.61318047827556,T4,Winding_Deformation
49199.3991542171,-56.50776187063247,T4,Winding_Deformation
52129.72418819331,-57.16246017606876,T4,Winding_Deformation
55234.57990653472,-57.155006463654836,T4,Winding_Deformation
58524.361388091784,-57.17637540894877,T4,Winding_Deformation
62010.082844474455,-58.129575550208195,T4,Winding_Deformation
65703.41449571123,-60.62378626109651,T4,Winding_Deformation
69616.72164222723,-60.724534747059174,T4,Winding_Deformation
73763.10606395824,-60.7579828152676,T4,Winding_Deformation
78156.4498852013,-60.792254113250394,T4,Winding_Deformation
82811.462052066,-60.93620159964134,T4,Winding_Deformation
87743.72757812844,-62.29277479606631,T4,Winding_Deformation
92969.75972316817,-62.13836504797085,T4,Winding_Deformation
98507.05527967683,-63.28038539859613,T4,Winding_Deformation
104374.1531522445,-63.66037589904535,T4,Winding_Deformation
110590.69642594141,-64.69586659494692,T4,Winding_Deformation
117177.498131507,-64.83456670021133,T4,Winding_Deformation
124156.61092752194,-65.60980750529379,T4,Winding_Deformation
131551.4009328665,-65.82030682704053,T4,Winding_Deformation
139386.6259566494,-64.87147424816261,T4,Winding_Deformation
147688.5183875296,-66.74371074110398,T4,Winding_Deformation
156484.87301993617,-64.70487259978509,T4,Winding_Deformation
165805.1401112387,-66.66894808256545,T4,Winding_Deformation
175680.52398141412,-67.34996052424991,T4,Winding_Deformation
186144.08748533286,-68.54363971711994,T4,Winding_Deformation
197230.8627074273,-67.9144087409829,T4,Winding_Deformation
208977.9682493607,-69.26782712333636,T4,Winding_Deformation
221424.73350336432,-69.23817404162801,T4,Winding_Deformation
234612.8303273233,-67.98869493763479,T4,Winding_Deformation
248586.41256244728,-70.30367080351162,T4,Winding_Deformation
263392.2638606463,-69.88614342834232,T4,Winding_Deformation
279079.9543165232,-71.63562575539167,T4,Winding_Deformation
295702.00642840454,-71.61925472250167,T4,Winding_Deformation
313314.0709440307,-70.80518816628934,T4,Winding_Deformation
331975.1131796572,-72.93226985272928,T4,Winding_Deformation
351747.61043634405,-71.6720156967801,T4,Winding_Deformation
372697.7611744061,-72.89136741220298,T4,Winding_Deformation
394895.7066463194,-74.2253475282295,T4,Winding_Deformation
418415.7657301354,-73.83256173909072,T4,Winding_Deformation
443336.68374960276,-74.0369219389928,T4,Winding_Deformation
469741.8961140733,-74.72378041064808,T4,Winding_Deformation
497719.8076608342,-76.69845506947922,T4,Winding_Deformation
527364.0886351346,-76.54749652474872,T4,Winding_Deformation
558773.988298819,-76.64995860264553,T4,Winding_Deformation
592054.6672175659,-76.96602693551557,T4,Winding_Deformation
627317.5493391927,-76.91575517735122,T4,Winding_Deformation
664680.6950418303,-77.66125298485322,T4,Winding_Deformation
704269.1964008914,-79.15496106020753,T4,Winding_Deformation
746215.5959982318,-78.3878590064451,T4,Winding_Deformation
790660.3306756386,-78.65960953289785,T4,Winding_Deformation
837752.2017183795,-79.12747671975659,T4,Winding_Deformation
887648.8730429428,-79.19442674644331,T4,Winding_Deformation
940517.3990569552,-79.7982484467447,T4,Winding_Deformation
996534.7839585034,-80.49101120987793,T4,Winding_Deformation
1055888.5743474532,-81.29146467830235,T4,Winding_Deformation
1118777.4871327726,-82.83444668371,T4,Winding_Deformation
1185412.0748381626,-81.80002669917229,T4,Winding_Deformation
1256015.4305333728,-82.38396998125128,T4,Winding_Deformation
1330823.9347513937,-82.76749123675873,T4,Winding_Deformation
1410088.0468921275,-84.2792655196284,T4,Winding_Deformation
1494073.1437622476,-84.56997329358454,T4,Winding_Deformation
1583060.4080585968,-83.50351325309686,T4,Winding_Deformation
1677347.7697698642,-84.69573709087605,T4,Winding_Deformation
1777250.9036482647,-84.61821538653669,T4,Winding_Deformation
1883104.286090862,-85.50259709283148,T4,Winding_Deformation
1995262.3149688786,-85.92872900089992,T4,Winding_Deformation
19.952623149688797,17.547473220434778,T5,Core_Displacement
21.141004961542972,16.04617940118145,T5,Core_Displacement
22.40016700716144,15.98959447973048,T5,Core_Displacement
23.73432496995651,15.111768537538191,T5,Core_Displacement
25.147945620200318,14.642407438102435,T5,Core_Displacement
26.645761769803183,14.239461470283588,T5,Core_Displacement
28.232788117801306,14.118828884004909,T5,Core_Displacement
29.914338039604495,13.133784332507542,T5,Core_Displacement
31.69604137621455,13.85162551184239,T5,Core_Displacement
33.583863282972615,11.848169787013282,T5,Core_Displacement
35.58412420094141,11.843491519108156,T5,Core_Displacement
37.70352101778643,11.164503270272938,T5,Core_Displacement
39.94914948900315,11.981319108761657,T5,Core_Displacement
42.32852799455645,10.60024961300657,T5,Core_Displacement
44.849622710469816,10.677288286294907,T5,Core_Displacement
47.52087427963884,8.405553098261572,T5,Core_Displacement
50.35122607116317,9.120945651303582,T5,Core_Displacement
53.35015412280942,9.043439615372614,T5,Core_Displacement
56.52769886685239,7.963113749156034,T5,Core_Displacement
59.894498745513204,8.134305420876766,T5,Core_Displacement
63.46182582853895,6.507467922677374,T5,Core_Displacement
67.24162355217156,7.335370547412905,T5,Core_Displacement
71.24654670585686,7.435481857372299,T5,Core_Displacement
75.49000380056873,5.04787300427633,T5,Core_Displacement
79.9862019605985,4.463809863980105,T5,Core_Displacement
84.75019448910734,5.265042153946263,T5,Core_Displacement
89.79793126669139,4.823610753715547,T5,Core_Displacement
95.14631215169457,2.8203885072469967,T5,Core_Displacement
100.8132435610535,2.3590013828243848,T5,Core_Displacement
106.8176984211078,1.9209053198347885,T5,Core_Displacement
113.1797796890913,0.6403628362813465,T5,Core_Displacement
119.92078765797466,0.40006830252664227,T5,Core_Displacement
127.06329126999654,-0.1997819523976977,T5,Core_Displacement
134.63120367764145,-0.5759806742082071,T5,Core_Displacement
142.649862305043,-0.6060469459103356,T5,Core_Displacement
151.14611367785858,-0.9626428281959044,T5,Core_Displacement
160.14840330562677,-0.587622171654653,T5,Core_Displacement
169.68687091753384,-2.9197257886770362,T5,Core_Displacement
179.7934513704398,-2.0812551377534976,T5,Core_Displacement
190.50198156700455,-3.470943677010656,T5,Core_Displacement
201.8483137418764,-3.908084038282917,T5,Core_Displacement
213.870435495227,-3.9547996045530294,T5,Core_Displacement
226.60859697550455,-5.768166002275255,T5,Core_Displacement
240.1054456372146,-5.271001444971523,T5,Core_Displacement
254.406169024899,-5.979905709005183,T5,Core_Displacement
269.5586460613534,-6.310711805441605,T5,Core_Displacement
285.61360734659905,-7.013250861128273,T5,Core_Displacement
302.62480500428904,-6.058399379643175,T5,Core_Displacement
320.6491926441981,-8.78613017724885,T5,Core_Displacement
339.74711604330935,-9.275136979695626,T5,Core_Displacement
359.9825151839018,-9.904449972421984,T5,Core_Displacement
381.4231383250621,-10.422944322174542,T5,Core_Displacement
404.1407688243337,-11.047146316665799,T5,Core_Displacement
428.2114654689045,-10.336494375148096,T5,Core_Displacement
453.7158171209631,-10.743207990350667,T5,Core_Displacement
480.73921252977766,-12.706720967763031,T5,Core_Displacement
509.37212621383117,-13.460325269067084,T5,Core_Displacement
539.7104213701473,-13.118960587736039,T5,Core_Displacement
571.855670824951,-14.407536613762971,T5,Core_Displacement
605.9154971002063,-14.150667228934356,T5,Core_Displacement
642.0039327345803,-15.025078086996633,T5,Core_Displacement
680.2418020651864,-16.80217071234532,T5,Core_Displacement
720.7571257483174,-15.232497607649266,T5,Core_Displacement
763.6855493735064,-15.633768573655049,T5,Core_Displacement
809.1707976059171,-17.895451162277496,T5,Core_Displacement
857.3651553775369,-18.313944595576984,T5,Core_Displacement
908.4299777382041,-18.41889402159486,T5,Core_Displacement
962.5362300734521,-18.961671529592248,T5,Core_Displacement
1019.8650604978276,-19.31190008703362,T5,Core_Displacement
1080.6084063400547,-18.94307892832126,T5,Core_Displacement
1144.9696367505674,-21.051630191634754,T5,Core_Displacement
1213.1642335828576,-22.064276870341107,T5,Core_Displacement
1285.4205128282442,-23.04880311021457,T5,Core_Displacement
1361.9803890194196,-23.17280319552349,T5,Core_Displacement
1443.100185162013,-23.262227680524493,T5,Core_Displacement
1529.0514909058234,-22.560701493937124,T5,Core_Displacement
1620.12207182888,-24.756992163680565,T5,Core_Displacement
1716.6168328786307,-24.81565656787612,T5,Core_Displacement
1818.8588391958554,-25.561272349889748,T5,Core_Displacement
1927.1903977390368,-25.29514638000507,T5,Core_Displacement
2041.974203330476,-24.935144554315947,T5,Core_Displacement
2163.5945529611035,-27.652264564919545,T5,Core_Displacement
2292.458632419543,-28.199560519619585,T5,Core_Displacement
2428.997879552966,-27.70192828594896,T5,Core_Displacement
2573.6694287240925,-28.530951132686642,T5,Core_Displacement
2726.957641300216,-28.290516144488215,T5,Core_Displacement
2889.3757272985245,-29.748855963202427,T5,Core_Displacement
3061.4674636168133,-30.982920642780627,T5,Core_Displacement
3243.809014602422,-30.891143691713072,T5,Core_Displacement
3437.0108610544858,-31.101032276212145,T5,Core_Displacement
3641.7198441180076,-31.874610859699633,T5,Core_Displacement
3858.6213309125237,-32.66494859428628,T5,Core_Displacement
4088.441509146111,-32.84370057239907,T5,Core_Displacement
4331.949818396894,-33.34141650013091,T5,Core_Displacement
4589.961526202254,-33.76116583891236,T5,Core_Displacement
4863.340457580215,-34.84253147268147,T5,Core_Displacement
5153.001887121781,-35.980766061000935,T5,Core_Displacement
5459.915603336642,-36.32746366495934,T5,Core_Displacement
5785.10915551203,-36.1512512875719,T5,Core_Displacement
6129.671293954898,-38.13263397393256,T5,Core_Displacement
6494.755615135714,-37.867097130567934,T5,Core_Displacement
6881.584423937493,-38.96443830443002,T5,Core_Displacement
7291.452825941266,-39.23262236020724,T5,Core_Displacement
7725.7330634486,-38.921396038523326,T5,Core_Displacement
8185.879109758613,-40.24631206482495,T5,Core_Displacement
8673.431537080716,-40.911887967801626,T5,Core_Displacement
9190.022674381382,-42.461569291451504,T5,Core_Displacement
9737.382072432882,-41.55404405104632,T5,Core_Displacement
10317.342294361637,-42.19342076769182,T5,Core_Displacement
10931.845051082335,-41.70262907370298,T5,Core_Displacement
11582.947702159929,-44.00765373709036,T5,Core_Displacement
12272.830143863812,-44.21873348785855,T5,Core_Displacement
13003.802107476082,-44.78323833032004,T5,Core_Displacement
13778.310892287982,-44.44624561979739,T5,Core_Displacement
14598.949559175398,-46.218200974719714,T5,Core_Displacement
15468.46561218474,-46.567104598657735,T5,Core_Displacement
16389.770197196118,-46.95935085157697,T5,Core_Displacement
17365.947848460026,-47.88998311232636,T5,Core_Displacement
18400.266815640054,-48.98392899252809,T5,Core_Displacement
19496.19000593552,-49.203313775640545,T5,Core_Displacement
20657.386577919526,-49.274165496701244,T5,Core_Displacement
21887.74422590741,-51.451364353071305,T5,Core_Displacement
23191.382195985083,-51.369051103701224,T5,Core_Displacement
24572.665077273636,-52.70524803641772,T5,Core_Displacement
26036.21741460489,-52.15658640917483,T5,Core_Displacement
27586.939191529716,-54.86310174326655,T5,Core_Displacement
29230.022235497945,-55.018119049626264,T5,Core_Displacement
30970.96760013287,-55.21903690883697,T5,Core_Displacement
32815.60398279805,-55.269026659101726,T5,Core_Displacement
34770.10723911671,-57.31707884438783,T5,Core_Displacement
36841.021059780476,-58.58827651009729,T5,Core_Displacement
39035.27887887138,-57.83118535959355,T5,Core_Displacement
41360.22708704874,-61.12635728133657,T5,Core_Displacement
43823.64962731623,-62.62895005348043,T5,Core_Displacement
46433.79405571865,-61.76629881254498,T5,Core_Displacement
49199.3991542171,-63.41231821388199,T5,Core_Displacement
52129.72418819331,-64.75837641755024,T5,Core_Displacement
55234.57990653472,-64.51993304493242,T5,Core_Displacement
58524.361388091784,-65.80029538491227,T5,Core_Displacement
62010.082844474455,-67.2970045267501,T5,Core_Displacement
65703.41449571123,-68.69870903270863,T5,Core_Displacement
69616.72164222723,-68.0546026862397,T5,Core_Displacement
73763.10606395824,-69.02919338817625,T5,Core_Displacement
78156.4498852013,-70.32321212581469,T5,Core_Displacement
82811.462052066,-69.67602252291385,T5,Core_Displacement
87743.72757812844,-72.37388542281619,T5,Core_Displacement
92969.75972316817,-73.28698237836457,T5,Core_Displacement
98507.05527967683,-73.23381943491493,T5,Core_Displacement
104374.1531522445,-73.24695365971905,T5,Core_Displacement
110590.69642594141,-73.4457556330489,T5,Core_Displacement
117177.498131507,-74.1229781690799,T5,Core_Displacement
124156.61092752194,-73.98527784492734,T5,Core_Displacement
131551.4009328665,-75.3286497158329,T5,Core_Displacement
139386.6259566494,-73.61065354625556,T5,Core_Displacement
147688.5183875296,-74.80078465274464,T5,Core_Displacement
156484.87301993617,-74.04249099788085,T5,Core_Displacement
165805.1401112387,-74.63186457857955,T5,Core_Displacement
175680.52398141412,-74.57188938436278,T5,Core_Displacement
186144.08748533286,-74.49221735835347,T5,Core_Displacement
197230.8627074273,-74.56354699892576,T5,Core_Displacement
208977.9682493607,-74.40600521540777,T5,Core_Displacement
221424.73350336432,-73.903808176598,T5,Core_Displacement
234612.8303273233,-74.68004977277307,T5,Core_Displacement
248586.41256244728,-74.31497333290086,T5,Core_Displacement
263392.2638606463,-74.88251318381938,T5,Core_Displacement
279079.9543165232,-73.8385856258645,T5,Core_Displacement
295702.00642840454,-75.36871229557894,T5,Core_Displacement
313314.0709440307,-73.70707365689883,T5,Core_Displacement
331975.1131796572,-75.09388012826318,T5,Core_Displacement
351747.61043634405,-76.19185042129423,T5,Core_Displacement
372697.7611744061,-75.25202689142724,T5,Core_Displacement
394895.7066463194,-75.99649934652179,T5,Core_Displacement
418415.7657301354,-75.13540354141827,T5,Core_Displacement
443336.68374960276,-76.40978390058194,T5,Core_Displacement
469741.8961140733,-76.5180424649949,T5,Core_Displacement
497719.8076608342,-77.80327835366096,T5,Core_Displacement
527364.0886351346,-77.09250875616551,T5,Core_Displacement
558773.988298819,-78.78651278281524,T5,Core_Displacement
592054.6672175659,-78.52920729267848,T5,Core_Displacement
627317.5493391927,-77.23382060671025,T5,Core_Displacement
664680.6950418303,-77.57488168250433,T5,Core_Displacement
704269.1964008914,-78.19747254888689,T5,Core_Displacement
746215.5959982318,-79.5524820870521,T5,Core_Displacement
790660.3306756386,-79.29781813417296,T5,Core_Displacement
837752.2017183795,-79.66297434083583,T5,Core_Displacement
887648.8730429428,-80.87338528876087,T5,Core_Displacement
940517.3990569552,-79.41724531874087,T5,Core_Displacement
996534.7839585034,-80.26668582073331,T5,Core_Displacement
1055888.5743474532,-81.45008079239064,T5,Core_Displacement
1118777.4871327726,-81.69384958211981,T5,Core_Displacement
1185412.0748381626,-81.98621482688105,T5,Core_Displacement
1256015.4305333728,-83.98240638418825,T5,Core_Displacement
1330823.9347513937,-83.14865181094636,T5,Core_Displacement
1410088.0468921275,-83.87648210710994,T5,Core_Displacement
1494073.1437622476,-84.52448853579031,T5,Core_Displacement
1583060.4080585968,-84.44500146031292,T5,Core_Displacement
1677347.7697698642,-83.41520701140861,T5,Core_Displacement
1777250.9036482647,-84.65073505090574,T5,Core_Displacement
1883104.286090862,-85.92520118999552,T5,Core_Displacement
1995262.3149688786,-85.55088935575131,T5,Core_Displacement
19.952623149688797,17.87022336186178,T6,Core_Displacement
21.141004961542972,17.05465428897255,T6,Core_Displacement
22.40016700716144,15.964051194815912,T6,Core_Displacement
23.73432496995651,14.982505495237818,T6,Core_Displacement
25.147945620200318,15.435311116834567,T6,Core_Displacement
26.645761769803183,14.731321726506861,T6,Core_Displacement
28.232788117801306,14.589970497880723,T6,Core_Displacement
29.914338039604495,13.913528628849354,T6,Core_Displacement
31.69604137621455,13.70728312466446,T6,Core_Displacement
33.583863282972615,12.099730250474538,T6,Core_Displacement
35.58412420094141,12.896477515965135,T6,Core_Displacement
37.70352101778643,11.61063473434954,T6,Core_Displacement
39.94914948900315,12.421117200551729,T6,Core_Displacement
42.32852799455645,9.980229796785771,T6,Core_Displacement
44.849622710469816,11.170171770882536,T6,Core_Displacement
47.52087427963884,9.583982907811306,T6,Core_Displacement
50.35122607116317,8.478017862664988,T6,Core_Displacement
53.35015412280942,8.081977974598184,T6,Core_Displacement
56.52769886685239,7.681271840927213,T6,Core_Displacement
59.894498745513204,7.685385320812362,T6,Core_Displacement
63.46182582853895,7.235554679372484,T6,Core_Displacement
67.24162355217156,5.947237336525995,T6,Core_Displacement
71.24654670585686,5.809204956256136,T6,Core_Displacement
75.49000380056873,6.801449247612395,T6,Core_Displacement
79.9862019605985,5.984941848031143,T6,Core_Displacement
84.75019448910734,4.553099588735694,T6,Core_Displacement
89.79793126669139,3.7445126864217886,T6,Core_Displacement
95.14631215169457,3.2704124549570674,T6,Core_Displacement
100.8132435610535,3.0825947357027763,T6,Core_Displacement
106.8176984211078,1.4021997503982597,T6,Core_Displacement
113.1797796890913,1.4013146178089988,T6,Core_Displacement
119.92078765797466,-0.12488418664873158,T6,Core_Displacement
127.06329126999654,0.7825727701524452,T6,Core_Displacement
134.63120367764145,0.4145147791566014,T6,Core_Displacement
142.649862305043,-0.9199980483491506,T6,Core_Displacement
151.14611367785858,-0.02480240666844602,T6,Core_Displacement
160.14840330562677,-2.531008480726146,T6,Core_Displacement
169.68687091753384,-3.2459403763067565,T6,Core_Displacement
179.7934513704398,-2.6131645436951256,T6,Core_Displacement
190.50198156700455,-2.5881826742242917,T6,Core_Displacement
201.8483137418764,-2.6947100575057057,T6,Core_Displacement
213.870435495227,-4.74839223307791,T6,Core_Displacement
226.60859697550455,-4.2271840037797395,T6,Core_Displacement
240.1054456372146,-5.565644195950854,T6,Core_Displacement
254.406169024899,-6.217261364712896,T6,Core_Displacement
269.5586460613534,-6.036865734006639,T6,Core_Displacement
285.61360734659905,-6.759042896974352,T6,Core_Displacement
302.62480500428904,-8.880583987469775,T6,Core_Displacement
320.6491926441981,-7.306133943464801,T6,Core_Displacement
339.74711604330935,-7.937375163291138,T6,Core_Displacement
359.9825151839018,-9.90614549498132,T6,Core_Displacement
381.4231383250621,-9.757047865356178,T6,Core_Displacement
404.1407688243337,-10.255154197153319,T6,Core_Displacement
428.2114654689045,-10.986334310846646,T6,Core_Displacement
453.7158171209631,-12.12277457163536,T6,Core_Displacement
480.73921252977766,-12.777334919695035,T6,Core_Displacement
509.37212621383117,-12.895564217588134,T6,Core_Displacement
539.7104213701473,-12.628041163724967,T6,Core_Displacement
571.855670824951,-13.64046037455019,T6,Core_Displacement
605.9154971002063,-14.853149533823489,T6,Core_Displacement
642.0039327345803,-14.626935104138703,T6,Core_Displacement
680.2418020651864,-17.73512966628831,T6,Core_Displacement
720.7571257483174,-15.511615258319836,T6,Core_Displacement
763.6855493735064,-18.108682589966584,T6,Core_Displacement
809.1707976059171,-17.720207737920617,T6,Core_Displacement
857.3651553775369,-18.8263224298601,T6,Core_Displacement
908.4299777382041,-19.52527682810693,T6,Core_Displacement
962.5362300734521,-18.383212531418202,T6,Core_Displacement
1019.8650604978276,-20.100271918822926,T6,Core_Displacement
1080.6084063400547,-20.1076693882462,T6,Core_Displacement
1144.9696367505674,-20.960611537604347,T6,Core_Displacement
1213.1642335828576,-21.171540220108007,T6,Core_Displacement
1285.4205128282442,-22.029504326862224,T6,Core_Displacement
1361.9803890194196,-23.559246724496145,T6,Core_Displacement
1443.100185162013,-22.541652025899836,T6,Core_Displacement
1529.0514909058234,-24.162521606612493,T6,Core_Displacement
1620.12207182888,-25.48427158341707,T6,Core_Displacement
1716.6168328786307,-25.271988746699485,T6,Core_Displacement
1818.8588391958554,-24.499244469194803,T6,Core_Displacement
1927.1903977390368,-25.531866451939287,T6,Core_Displacement
2041.974203330476,-26.948053746512983,T6,Core_Displacement
2163.5945529611035,-27.525136816898222,T6,Core_Displacement
2292.458632419543,-28.082097445708996,T6,Core_Displacement
2428.997879552966,-26.97911731140472,T6,Core_Displacement
2573.6694287240925,-28.740920358862972,T6,Core_Displacement
2726.957641300216,-29.282182119469688,T6,Core_Displacement
2889.3757272985245,-29.436407275108312,T6,Core_Displacement
3061.4674636168133,-30.564263767911125,T6,Core_Displacement
3243.809014602422,-31.485931575272183,T6,Core_Displacement
3437.0108610544858,-32.01456967697966,T6,Core_Displacement
3641.7198441180076,-32.499069268127634,T6,Core_Displacement
3858.6213309125237,-33.04609598161828,T6,Core_Displacement
4088.441509146111,-33.0810321745656,T6,Core_Displacement
4331.949818396894,-34.123561293377776,T6,Core_Displacement
4589.961526202254,-34.215829078587724,T6,Core_Displacement
4863.340457580215,-35.35313000007022,T6,Core_Displacement
5153.001887121781,-35.80873877155787,T6,Core_Displacement
5459.915603336642,-37.82890372463514,T6,Core_Displacement
5785.10915551203,-36.35437819183601,T6,Core_Displacement
6129.671293954898,-37.318237071112904,T6,Core_Displacement
6494.755615135714,-37.426561369877206,T6,Core_Displacement
6881.584423937493,-40.71647990053645,T6,Core_Displacement
7291.452825941266,-37.7908814429151,T6,Core_Displacement
7725.7330634486,-39.91402508205705,T6,Core_Displacement
8185.879109758613,-39.60435344072262,T6,Core_Displacement
8673.431537080716,-41.6723277004988,T6,Core_Displacement
9190.022674381382,-41.08072825922176,T6,Core_Displacement
9737.382072432882,-42.81381244148694,T6,Core_Displacement
10317.342294361637,-43.081897966977635,T6,Core_Displacement
10931.845051082335,-41.87708543231005,T6,Core_Displacement
11582.947702159929,-43.9256866531576,T6,Core_Displacement
12272.830143863812,-44.2199357059975,T6,Core_Displacement
13003.802107476082,-44.34875949743544,T6,Core_Displacement
13778.310892287982,-45.203485594050996,T6,Core_Displacement
14598.949559175398,-46.046200868448345,T6,Core_Displacement
15468.46561218474,-46.506946964970616,T6,Core_Displacement
16389.770197196118,-45.702487498711754,T6,Core_Displacement
17365.947848460026,-48.060942656459325,T6,Core_Displacement
18400.266815640054,-48.530656129642246,T6,Core_Displacement
19496.19000593552,-48.60371869346403,T6,Core_Displacement
20657.386577919526,-49.251839568532496,T6,Core_Displacement
21887.74422590741,-49.901882429591296,T6,Core_Displacement
23191.382195985083,-51.015018720183605,T6,Core_Displacement
24572.665077273636,-53.01526690487164,T6,Core_Displacement
26036.21741460489,-51.84971697681145,T6,Core_Displacement
27586.939191529716,-54.59931268503099,T6,Core_Displacement
29230.022235497945,-54.41502893086883,T6,Core_Displacement
30970.96760013287,-56.01107831639568,T6,Core_Displacement
32815.60398279805,-56.40979032218086,T6,Core_Displacement
34770.10723911671,-57.0409199744243,T6,Core_Displacement
36841.021059780476,-57.97468679059686,T6,Core_Displacement
39035.27887887138,-58.85265078023726,T6,Core_Displacement
41360.22708704874,-58.98314966270414,T6,Core_Displacement
43823.64962731623,-60.77231187278659,T6,Core_Displacement
46433.79405571865,-62.24521857228577,T6,Core_Displacement
49199.3991542171,-62.38601923903331,T6,Core_Displacement
52129.72418819331,-63.21088410331149,T6,Core_Displacement
55234.57990653472,-65.87510802863785,T6,Core_Displacement
58524.361388091784,-65.55277583565721,T6,Core_Displacement
62010.082844474455,-66.41132856561676,T6,Core_Displacement
65703.41449571123,-68.010790405991,T6,Core_Displacement
69616.72164222723,-67.70232804671768,T6,Core_Displacement
73763.10606395824,-69.58937312367009,T6,Core_Displacement
78156.4498852013,-70.16588550373905,T6,Core_Displacement
82811.462052066,-71.08981869714593,T6,Core_Displacement
87743.72757812844,-71.61392075308086,T6,Core_Displacement
92969.75972316817,-72.98650731954389,T6,Core_Displacement
98507.05527967683,-73.75751940381407,T6,Core_Displacement
104374.1531522445,-72.09888990401272,T6,Core_Displacement
110590.69642594141,-74.20896619139761,T6,Core_Displacement
117177.498131507,-74.64808757319989,T6,Core_Displacement
124156.61092752194,-75.73908970200993,T6,Core_Displacement
131551.4009328665,-74.89984534228223,T6,Core_Displacement
139386.6259566494,-75.54745162449208,T6,Core_Displacement
147688.5183875296,-73.59386821577439,T6,Core_Displacement
156484.87301993617,-74.11772611745269,T6,Core_Displacement
165805.1401112387,-75.35347756266836,T6,Core_Displacement
175680.52398141412,-73.31491157402941,T6,Core_Displacement
186144.08748533286,-74.20381861362189,T6,Core_Displacement
197230.8627074273,-75.1043249593939,T6,Core_Displacement
208977.9682493607,-76.60549514772656,T6,Core_Displacement
221424.73350336432,-73.2305551468772,T6,Core_Displacement
234612.8303273233,-75.79031531829862,T6,Core_Displacement
248586.41256244728,-75.96305508608265,T6,Core_Displacement
263392.2638606463,-74.10389889541158,T6,Core_Displacement
279079.9543165232,-73.13884099224164,T6,Core_Displacement
295702.00642840454,-73.9262467111801,T6,Core_Displacement
313314.0709440307,-74.57299557589975,T6,Core_Displacement
331975.1131796572,-74.64944152364643,T6,Core_Displacement
351747.61043634405,-74.59291695866538,T6,Core_Displacement
372697.7611744061,-74.81044996901406,T6,Core_Displacement
394895.7066463194,-75.3229291895108,T6,Core_Displacement
418415.7657301354,-75.65091325294406,T6,Core_Displacement
443336.68374960276,-75.99676230459994,T6,Core_Displacement
469741.8961140733,-76.73348927395124,T6,Core_Displacement
497719.8076608342,-76.67707239580582,T6,Core_Displacement
527364.0886351346,-77.96096410262794,T6,Core_Displacement
558773.988298819,-77.1586349929313,T6,Core_Displacement
592054.6672175659,-78.11248909124411,T6,Core_Displacement
627317.5493391927,-78.5386233880623,T6,Core_Displacement
664680.6950418303,-77.99901588775248,T6,Core_Displacement
704269.1964008914,-77.52089124169514,T6,Core_Displacement
746215.5959982318,-78.23277716266003,T6,Core_Displacement
790660.3306756386,-80.36377060740979,T6,Core_Displacement
837752.2017183795,-80.35319225907166,T6,Core_Displacement
887648.8730429428,-79.40399017473433,T6,Core_Displacement
940517.3990569552,-81.15736530545469,T6,Core_Displacement
996534.7839585034,-81.0380826291342,T6,Core_Displacement
1055888.5743474532,-80.91036940139269,T6,Core_Displacement
1118777.4871327726,-82.39051078782053,T6,Core_Displacement
1185412.0748381626,-82.05831993814216,T6,Core_Displacement
1256015.4305333728,-83.487009822734,T6,Core_Displacement
1330823.9347513937,-83.39658499394778,T6,Core_Displacement
1410088.0468921275,-83.1752457796117,T6,Core_Displacement
1494073.1437622476,-84.93845014233604,T6,Core_Displacement
1583060.4080585968,-83.93989893872048,T6,Core_Displacement
1677347.7697698642,-84.68733403945195,T6,Core_Displacement
1777250.9036482647,-84.71258208570063,T6,Core_Displacement
1883104.286090862,-85.36863600330229,T6,Core_Displacement
1995262.3149688786,-84.99679900171893,T6,Core_Displacement
